Dateiart,Datenformate,Bemerkungen,Quellen,Quellen zur Ampel,Ampel,Extensions,,,Legende,,,,Definition
Text,Extensible Markup Language (XML) 1.1,ETH Zürich (2025) : inklusive XSD/XSL/XHTML etc.; wobei Schema und Buchstabenkodierung explizit im File angegeben werden sollen,"ETH Zürich (2025): https://unlimited.ethz.ch/spaces/DD/pages/194127898/Archivtaugliche+Dateiformate, NFDI4Culture: https://docs.nfdi4culture.de/ta2-fair-handreichung/empfehlungen-dateiformate",ETH Zürich (2025): https://unlimited.ethz.ch/spaces/DD/pages/194127898/Archivtaugliche+Dateiformate,,.xml,,,,Empfohlen/Geeignet für Lanzeitarchivierung,,,Aufbewahrung für von mehr als zehn Jahren
,JavaScript Object Notation (JSON),,NFDI4Culture: https://docs.nfdi4culture.de/ta2-fair-handreichung/empfehlungen-dateiformate,NFDI4Culture: https://docs.nfdi4culture.de/ta2-fair-handreichung/empfehlungen-dateiformate,,.json,,,,Nicht geeignet bzw. nicht empfohlen,,,Empfohlen für Langzeitarchivierung
,Comma-Separated Values (CSV),"Typ ""Tabelle""","NFDI4Culture: https://docs.nfdi4culture.de/ta2-fair-handreichung/empfehlungen-dateiformate, lzv.nrw: https://www.lzv.nrw/dateiformate/?mtm_campaign=tafellaunch&mtm_medium=social",lzv.nrw: https://www.lzv.nrw/dateiformate/?mtm_campaign=tafellaunch&mtm_medium=social,,.csv,,,,Bedingt geeignet,,,Aufbewahrung bzw. Nutzung für höchstens zehn Jahre
,Textdatei (TXT) (Codierung UTF-8),,NFDI4Culture: https://docs.nfdi4culture.de/ta2-fair-handreichung/empfehlungen-dateiformate,NFDI4Culture: https://docs.nfdi4culture.de/ta2-fair-handreichung/empfehlungen-dateiformate,,.txt,,,,,,,
,Portable Document Format A (PDF A),HI: Priorisiertes Datenformat für Langzeitarchivierung,NFDI4Culture: https://docs.nfdi4culture.de/ta2-fair-handreichung/empfehlungen-dateiformate,Herder-Institut Marburg (2023): https://drive.google.com/drive/folders/1xvJaDfa8_DSKHip0A884QhLpoJXAoyZC,,.pdf,,,,,,,
,OOXML (Office Open Extensible Markup Language),,ETH Zürich: https://unlimited.ethz.ch/spaces/DD/pages/194127898/Archivtaugliche+Dateiformate,ETH Zürich: https://unlimited.ethz.ch/spaces/DD/pages/194127898/Archivtaugliche+Dateiformate,,".docx, .docm, .pptx, .pptm, .xlsx, .xlsm",,,,,,,
,PDF/A-3 (*.pdf),,ETH Zürich: https://unlimited.ethz.ch/spaces/DD/pages/194127898/Archivtaugliche+Dateiformate,ETH Zürich: https://unlimited.ethz.ch/spaces/DD/pages/194127898/Archivtaugliche+Dateiformate,,.pdf,,,,,,,
,Rich Text Format (*.rtf),,ETH Zürich: https://unlimited.ethz.ch/spaces/DD/pages/194127898/Archivtaugliche+Dateiformate,ETH Zürich: https://unlimited.ethz.ch/spaces/DD/pages/194127898/Archivtaugliche+Dateiformate,,.rtf,,,,,,,
,"XML mit DTD-Datei pder XML-Schema, JSON, HTML",,NFDI4Culture: https://docs.nfdi4culture.de/ta2-fair-handreichung/empfehlungen-dateiformate,NFDI4Culture: https://docs.nfdi4culture.de/ta2-fair-handreichung/empfehlungen-dateiformate,,,,,,,,,
,HTML und XML (Die ASCII Texte sind langfristig lesbar; externe Links möglichst vermeiden),,ETH Zürich: https://unlimited.ethz.ch/spaces/DD/pages/194127898/Archivtaugliche+Dateiformate,ETH Zürich: https://unlimited.ethz.ch/spaces/DD/pages/194127898/Archivtaugliche+Dateiformate,,.html,,,,,,,
,"OpenDocument Formate (*.odm, *.odt, *.odg, *.odc, *.odf)",ETH Zürich (2025):Bedingt geeignet,ETH Zürich: https://unlimited.ethz.ch/spaces/DD/pages/194127898/Archivtaugliche+Dateiformate,ETH Zürich: https://unlimited.ethz.ch/spaces/DD/pages/194127898/Archivtaugliche+Dateiformate,,"*.odm, *.odt, *.odg, *.odc, *.odf",,,,,,,
,JavaScript Object Notation for Linked Data (JSON LD),,NFDI4Culture: https://docs.nfdi4culture.de/ta2-fair-handreichung/empfehlungen-dateiformate,NFDI4Culture: https://docs.nfdi4culture.de/ta2-fair-handreichung/empfehlungen-dateiformate,,.jsonld,,,,,,,
,Resource Description Framework in Attributes (RDFa),,NFDI4Culture: https://docs.nfdi4culture.de/ta2-fair-handreichung/empfehlungen-dateiformate,NFDI4Culture: https://docs.nfdi4culture.de/ta2-fair-handreichung/empfehlungen-dateiformate,,.rdf,,,,,,,
,Word *.docx,"ETH Zürich (2025):Bedingt geeignet, nicht akzeptiert für Publikationen, akzeptiert für Supplementary Materials",ETH Zürich: https://unlimited.ethz.ch/spaces/DD/pages/194127898/Archivtaugliche+Dateiformate,ETH Zürich: https://unlimited.ethz.ch/spaces/DD/pages/194127898/Archivtaugliche+Dateiformate,,.docx,,,,,,,
,LaTeX und TeX (Die ASCII Texte sind langfristig lesbar; allenfalls benutzte lizenzfreie Softwarepakete mit Spezialfonts und resultierendes PDF sollten mitgeliefert werden),"ETH Zürich (2025):Bedingt geeignet, aber nur für Supplementary Materials, lzv.nrw: geeignet für Langzeitarchivierung",ETH Zürich: https://unlimited.ethz.ch/spaces/DD/pages/194127898/Archivtaugliche+Dateiformate,ETH Zürich: https://unlimited.ethz.ch/spaces/DD/pages/194127898/Archivtaugliche+Dateiformate,,.tex,,,,,,,
,Markdown (*.md),ETH Zürich (2025):Bedingt geeignet,ETH Zürich: https://unlimited.ethz.ch/spaces/DD/pages/194127898/Archivtaugliche+Dateiformate,ETH Zürich: https://unlimited.ethz.ch/spaces/DD/pages/194127898/Archivtaugliche+Dateiformate,,.md,,,,,,,
,Word *doc,ETH Zürich (2025): nicht geeignet,ETH Zürich: https://unlimited.ethz.ch/spaces/DD/pages/194127898/Archivtaugliche+Dateiformate,ETH Zürich: https://unlimited.ethz.ch/spaces/DD/pages/194127898/Archivtaugliche+Dateiformate,,.doc,,,,,,,
,PowerPoint *.ppt,ETH Zürich (2025): nicht geeignet,ETH Zürich: https://unlimited.ethz.ch/spaces/DD/pages/194127898/Archivtaugliche+Dateiformate,ETH Zürich: https://unlimited.ethz.ch/spaces/DD/pages/194127898/Archivtaugliche+Dateiformate,,.ppt,,,,,,,
Unformatierter Text,"Unformatierter Text (*.txt, *.asc, *.c, *.h, *.cpp, *.m, *.py, *.r usw.)",,ETH Zürich: https://unlimited.ethz.ch/spaces/DD/pages/194127898/Archivtaugliche+Dateiformate,ETH Zürich: https://unlimited.ethz.ch/spaces/DD/pages/194127898/Archivtaugliche+Dateiformate,,"txt, *.asc, *.c, *.h, *.cpp, *.m, *.py, *.r usw.",,,,,,,
,Markdown (*.md),,ETH Zürich: https://unlimited.ethz.ch/spaces/DD/pages/194127898/Archivtaugliche+Dateiformate,ETH Zürich: https://unlimited.ethz.ch/spaces/DD/pages/194127898/Archivtaugliche+Dateiformate,,.md,,,,,,,
Musik,Music Encoding Initiative (MEI),,NFDI4Culture: https://docs.nfdi4culture.de/ta2-fair-handreichung/empfehlungen-dateiformate,NFDI4Culture: https://docs.nfdi4culture.de/ta2-fair-handreichung/empfehlungen-dateiformate,,.mei,,,,,,,
,MusicXML,,NFDI4Culture: https://docs.nfdi4culture.de/ta2-fair-handreichung/empfehlungen-dateiformate,NFDI4Culture: https://docs.nfdi4culture.de/ta2-fair-handreichung/empfehlungen-dateiformate,,.xml,,,,,,,
,Parsons Code,,NFDI4Culture: https://docs.nfdi4culture.de/ta2-fair-handreichung/empfehlungen-dateiformate,NFDI4Culture: https://docs.nfdi4culture.de/ta2-fair-handreichung/empfehlungen-dateiformate,,.pc,,,,,,,
,Portable Document Format A (PDF A),"Wurde nicht gesagt, inwiefern es priorisiert wird",NFDI4Culture: https://docs.nfdi4culture.de/ta2-fair-handreichung/empfehlungen-dateiformate,NFDI4Culture: https://docs.nfdi4culture.de/ta2-fair-handreichung/empfehlungen-dateiformate,n/a,.pdf,,,,,,,
Bild (Rastergrafiken),"Master: baseline Tagged Image File Format (TIFF), unkomprimiert; TIFF mit Lempel-Ziv-Welch-Komprimierung (TIFF-LZW)",lzv.nrw: empfohlen für Langzeitarchivierung,"NFDI4Culture: https://docs.nfdi4culture.de/ta2-fair-handreichung/empfehlungen-dateiformate, lzv.nrw: https://www.lzv.nrw/dateiformate/?mtm_campaign=tafellaunch&mtm_medium=social",lzv.nrw: https://www.lzv.nrw/dateiformate/?mtm_campaign=tafellaunch&mtm_medium=social,,".tiff, .tif",,,,,,,
,"Joint Photographic Experts Group (JPEG 1 und JPEG 2000), verlustfrei komprimiert, lizenzfreie Bereiche",,"NFDI4Culture: https://docs.nfdi4culture.de/ta2-fair-handreichung/empfehlungen-dateiformate, lzv.nrw: https://www.lzv.nrw/dateiformate/?mtm_campaign=tafellaunch&mtm_medium=social",lzv.nrw: https://www.lzv.nrw/dateiformate/?mtm_campaign=tafellaunch&mtm_medium=social,,.jp2,,,,,,,
,"PDF-Format, Typ PDF/A-2",,Herder-Institut Marburg (2023): https://drive.google.com/drive/folders/1xvJaDfa8_DSKHip0A884QhLpoJXAoyZC,Herder-Institut Marburg (2023): https://drive.google.com/drive/folders/1xvJaDfa8_DSKHip0A884QhLpoJXAoyZC,,.pdf,,,,,,,
,"Präsentationsformate (Derivate): JPEG, JPEG 2000, Portable Network Graphics (PNG)",,NFDI4Culture: https://docs.nfdi4culture.de/ta2-fair-handreichung/empfehlungen-dateiformate,ETH Zürich: https://unlimited.ethz.ch/spaces/DD/pages/194127898/Archivtaugliche+Dateiformate,,.png,,,,,,,
,Rohdaten: Digital Negative (DNG),,NFDI4Culture: https://docs.nfdi4culture.de/ta2-fair-handreichung/empfehlungen-dateiformate,NFDI4Culture: https://docs.nfdi4culture.de/ta2-fair-handreichung/empfehlungen-dateiformate,,.dng,,,,,,,
,Photoshop (*.psd),ETH Zürich (2025): Nicht geeignet,ETH Zürich: https://unlimited.ethz.ch/spaces/DD/pages/194127898/Archivtaugliche+Dateiformate,ETH Zürich: https://unlimited.ethz.ch/spaces/DD/pages/194127898/Archivtaugliche+Dateiformate,,.psd,,,,,,,
Bild (Vektorgrafiken) und CAD,Scalable Vector Graphics (SVG),Empfohlen ohne JavaScript Binding,ETH Zürich: https://unlimited.ethz.ch/spaces/DD/pages/194127898/Archivtaugliche+Dateiformate,ETH Zürich: https://unlimited.ethz.ch/spaces/DD/pages/194127898/Archivtaugliche+Dateiformate,,.svg,,,,,,,
,AutoCAD Drawing (*.dwg),,ETH Zürich: https://unlimited.ethz.ch/spaces/DD/pages/194127898/Archivtaugliche+Dateiformate,ETH Zürich: https://unlimited.ethz.ch/spaces/DD/pages/194127898/Archivtaugliche+Dateiformate,,.dwg,,,,,,,
,"Drawing Interchange Format, AutoCAD (*.dxf) ",,"ETH Zürich: https://unlimited.ethz.ch/spaces/DD/pages/194127898/Archivtaugliche+Dateiformate, lzv.nrw: https://www.lzv.nrw/dateiformate/?mtm_campaign=tafellaunch&mtm_medium=social ",ETH Zürich: https://unlimited.ethz.ch/spaces/DD/pages/194127898/Archivtaugliche+Dateiformate,,.dxf,,,,,,,
,"Extensible 3D, X3D (*.x3d, *.x3dv, *.x3db)",,ETH Zürich: https://unlimited.ethz.ch/spaces/DD/pages/194127898/Archivtaugliche+Dateiformate,ETH Zürich: https://unlimited.ethz.ch/spaces/DD/pages/194127898/Archivtaugliche+Dateiformate,,".x3d, .x3dv, -x3db",,,,,,,
,Encapsulated Postscript (*.eps),ETH Zürich (2025): Nicht geeignet,ETH Zürich: https://unlimited.ethz.ch/spaces/DD/pages/194127898/Archivtaugliche+Dateiformate,ETH Zürich: https://unlimited.ethz.ch/spaces/DD/pages/194127898/Archivtaugliche+Dateiformate,,.eps,,,,,,,
,"Grafik InDesign (*.indd), Illustrator (*.ait)",ETH Zürich (2025): Nicht geeignet,ETH Zürich: https://unlimited.ethz.ch/spaces/DD/pages/194127898/Archivtaugliche+Dateiformate,ETH Zürich: https://unlimited.ethz.ch/spaces/DD/pages/194127898/Archivtaugliche+Dateiformate,,.indd,,,,,,,
Audio,Archivformat: Waveform Audio File-Format (WAV) in Verbindung mit Pulse Code Modulation (PCM); Free Lossless Audio Codec (FLAC),,"NFDI4Culture: https://docs.nfdi4culture.de/ta2-fair-handreichung/empfehlungen-dateiformate, lzv.nrw: https://www.lzv.nrw/dateiformate/?mtm_campaign=tafellaunch&mtm_medium=social",lzv.nrw: https://www.lzv.nrw/dateiformate/?mtm_campaign=tafellaunch&mtm_medium=social,,".wav, .flac",,,,,,,
,Advanced Audio Coding (*.mp4),ETH Zürich (2025): Bedingt geeignet,ETH Zürich: https://unlimited.ethz.ch/spaces/DD/pages/194127898/Archivtaugliche+Dateiformate,ETH Zürich: https://unlimited.ethz.ch/spaces/DD/pages/194127898/Archivtaugliche+Dateiformate,,.mp4,,,,,,,
,MP3 (*.mp3),"ETH Zürich (2025):Bedingt geeignet, HI: Nicht empfohlen",ETH Zürich: https://unlimited.ethz.ch/spaces/DD/pages/194127898/Archivtaugliche+Dateiformate,ETH Zürich: https://unlimited.ethz.ch/spaces/DD/pages/194127898/Archivtaugliche+Dateiformate,,.mp3,,,,,,,
,Präsentationsformat: MPEG-2 Audiolayer III (MP3),"Nicht empfohlen laut HI, bedingt geeignet laut ETH Zürich",ETH Zürich: https://unlimited.ethz.ch/spaces/DD/pages/194127898/Archivtaugliche+Dateiformate,ETH Zürich: https://unlimited.ethz.ch/spaces/DD/pages/194127898/Archivtaugliche+Dateiformate,,.mp3,,,,,,,
Video/Film,Archivformate:,,,,,,,,,,,,
,Codec FFV1 / Container MKV,,"NFDI4Culture: https://docs.nfdi4culture.de/ta2-fair-handreichung/empfehlungen-dateiformate, lzv.nrw: https://www.lzv.nrw/dateiformate/?mtm_campaign=tafellaunch&mtm_medium=social", lzv.nrw: https://www.lzv.nrw/dateiformate/?mtm_campaign=tafellaunch&mtm_medium=social,,.mkv,,,,,,,
,TIFF mit FFV1 in Matroshka codiert,,NFDI4Culture: https://docs.nfdi4culture.de/ta2-fair-handreichung/empfehlungen-dateiformate,NFDI4Culture: https://docs.nfdi4culture.de/ta2-fair-handreichung/empfehlungen-dateiformate,,,,,,,,,
,Moving Picture Experts Group Standard MPEG-4,ETH Zürich (2025): Bedingt geeignet,ETH Zürich: https://unlimited.ethz.ch/spaces/DD/pages/194127898/Archivtaugliche+Dateiformate,ETH Zürich: https://unlimited.ethz.ch/spaces/DD/pages/194127898/Archivtaugliche+Dateiformate,,.jpeg,,,,,,,
,"Präsentationsformat: MP4 (MPEG-4, part 14)",ETH Zürich (2025): Bedingt geeignet,ETH Zürich: https://unlimited.ethz.ch/spaces/DD/pages/194127898/Archivtaugliche+Dateiformate,ETH Zürich: https://unlimited.ethz.ch/spaces/DD/pages/194127898/Archivtaugliche+Dateiformate,,.mp4,,,,,,,
,"MPEG-2 (*.mpg,*.mpeg)",ETH Zürich (2025): Bedingt geeignet,ETH Zürich: https://unlimited.ethz.ch/spaces/DD/pages/194127898/Archivtaugliche+Dateiformate,ETH Zürich: https://unlimited.ethz.ch/spaces/DD/pages/194127898/Archivtaugliche+Dateiformate,,".mpg, .mpeg",,,,,,,
,QuickTime Movie (*.mov),ETH Zürich (2025): Bedingt geeignet,ETH Zürich: https://unlimited.ethz.ch/spaces/DD/pages/194127898/Archivtaugliche+Dateiformate,ETH Zürich: https://unlimited.ethz.ch/spaces/DD/pages/194127898/Archivtaugliche+Dateiformate,,.mov,,,,,,,
,Audio Video Interleave (*.avi),"ETH Zürich (2025): Bedingt geeignet, lzv.nrw: empfohlen","ETH Zürich: https://unlimited.ethz.ch/spaces/DD/pages/194127898/Archivtaugliche+Dateiformate, lzv.nr: https://www.lzv.nrw/dateiformate/?mtm_campaign=tafellaunch&mtm_medium=social",ETH Zürich: https://unlimited.ethz.ch/spaces/DD/pages/194127898/Archivtaugliche+Dateiformate,,.avi,,,,,,,
,Windows Media Video (*.wmv),ETH Zürich (2025): Nicht geeignet,ETH Zürich: https://unlimited.ethz.ch/spaces/DD/pages/194127898/Archivtaugliche+Dateiformate,ETH Zürich: https://unlimited.ethz.ch/spaces/DD/pages/194127898/Archivtaugliche+Dateiformate,,.wmv,,,,,,,
,weitere Empfehlungen der nestor AG Media,"Wurde nicht spezifiert, ob es für Langzeitarchivierung geeignet ist.",,,,,,,,,,,
,Moving Picture Experts Group Motion JPEG 2000 (MJPEG2000),"Wurde nicht spezifiert, ob es für Langzeitarchivierung geeignet ist.",NFDI4Culture: https://docs.nfdi4culture.de/ta2-fair-handreichung/empfehlungen-dateiformate,NFDI4Culture: https://docs.nfdi4culture.de/ta2-fair-handreichung/empfehlungen-dateiformate,n/a,.jpeg,,,,,,,
,"Digital Picture Exchange (DPX), SMPTE 268M-2003, v 2.0","Wurde nicht spezifiert, ob es für Langzeitarchivierung geeignet ist.",NFDI4Culture: https://docs.nfdi4culture.de/ta2-fair-handreichung/empfehlungen-dateiformate,NFDI4Culture: https://docs.nfdi4culture.de/ta2-fair-handreichung/empfehlungen-dateiformate,n/a,.dpx,,,,,,,
,"Material Exchange Format (MXF), SMPTE 377M","Wurde nicht spezifiert, ob es für Langzeitarchivierung geeignet ist.",NFDI4Culture: https://docs.nfdi4culture.de/ta2-fair-handreichung/empfehlungen-dateiformate,NFDI4Culture: https://docs.nfdi4culture.de/ta2-fair-handreichung/empfehlungen-dateiformate,n/a,.mxf,,,,,,,
3D,Graphics Language Transmission Format (glTF),,NFDI4Culture: https://docs.nfdi4culture.de/ta2-fair-handreichung/empfehlungen-dateiformate,NFDI4Cultue: https://docs.nfdi4culture.de/ta4-digital-preservation-basics/3-wie-kommen-materialien-in-ein-digitales-langzeitarchiv/3-4-identifizierung-erhaltenswerter-eigenschaften/dateiformate-fuer-die-langzeitarchivierung,,,,,,,,,
,Wavefront Object (OBJ),,NFDI4Culture: https://docs.nfdi4culture.de/ta2-fair-handreichung/empfehlungen-dateiformate,NFDI4Cultue: https://docs.nfdi4culture.de/ta4-digital-preservation-basics/3-wie-kommen-materialien-in-ein-digitales-langzeitarchiv/3-4-identifizierung-erhaltenswerter-eigenschaften/dateiformate-fuer-die-langzeitarchivierung,,.obj,,,,,,,
,"Extensible 3D (X3D)
",,"NFDI4Culture: https://docs.nfdi4culture.de/ta2-fair-handreichung/empfehlungen-dateiformate, lzv.nrw: https://www.lzv.nrw/dateiformate/?mtm_campaign=tafellaunch&mtm_medium=social ",NFDI4Cultue: https://docs.nfdi4culture.de/ta4-digital-preservation-basics/3-wie-kommen-materialien-in-ein-digitales-langzeitarchiv/3-4-identifizierung-erhaltenswerter-eigenschaften/dateiformate-fuer-die-langzeitarchivierung,,.x3d,,,,,,,
,"Präsentationsformat: glTF, X3D, OBJ",,NFDI4Culture: https://docs.nfdi4culture.de/ta2-fair-handreichung/empfehlungen-dateiformate,NFDI4Cultue: https://docs.nfdi4culture.de/ta4-digital-preservation-basics/3-wie-kommen-materialien-in-ein-digitales-langzeitarchiv/3-4-identifizierung-erhaltenswerter-eigenschaften/dateiformate-fuer-die-langzeitarchivierung,,".gitf, .x3d, .obj",,,,,,,
,COLLAborative Design Activity (COLLADA),,NFDI4Culture: https://docs.nfdi4culture.de/ta2-fair-handreichung/empfehlungen-dateiformate,,n/a,,,,,,,,
Tabellen,"Extensible Markup Language (XML) 1.1, mit XML Schema Definition (XSD)",,NFDI4Culture: https://docs.nfdi4culture.de/ta2-fair-handreichung/empfehlungen-dateiformate,NFDI4Cultue: https://docs.nfdi4culture.de/ta4-digital-preservation-basics/3-wie-kommen-materialien-in-ein-digitales-langzeitarchiv/3-4-identifizierung-erhaltenswerter-eigenschaften/dateiformate-fuer-die-langzeitarchivierung,,.xml,,,,,,,
,Comma-Separated Values (CSV),,NFDI4Culture: https://docs.nfdi4culture.de/ta2-fair-handreichung/empfehlungen-dateiformate,NFDI4Cultue: https://docs.nfdi4culture.de/ta4-digital-preservation-basics/3-wie-kommen-materialien-in-ein-digitales-langzeitarchiv/3-4-identifizierung-erhaltenswerter-eigenschaften/dateiformate-fuer-die-langzeitarchivierung,,.csv,,,,,,,
,Excel *.xlsx (Containerformat),ETH Zürich (2025): Bedingt geeignet,ETH Zürich: https://unlimited.ethz.ch/spaces/DD/pages/194127898/Archivtaugliche+Dateiformate,ETH Zürich: https://unlimited.ethz.ch/spaces/DD/pages/194127898/Archivtaugliche+Dateiformate,,.xlsx,,,,,,,
,"OpenDocument Formate (*.odm, *.odt, *.odg, *.odc, *.odf)",ETH Zürich (2025): Bedingt geeignet,ETH Zürich: https://unlimited.ethz.ch/spaces/DD/pages/194127898/Archivtaugliche+Dateiformate,ETH Zürich: https://unlimited.ethz.ch/spaces/DD/pages/194127898/Archivtaugliche+Dateiformate,,"*.odm, *.odt, *.odg, *.odc, *.odf",,,,,,,
,"Excel *.xls, *.xlsb (binäre Formate)",ETH Zürich (2025): Nicht geeignet,ETH Zürich: https://unlimited.ethz.ch/spaces/DD/pages/194127898/Archivtaugliche+Dateiformate,ETH Zürich: https://unlimited.ethz.ch/spaces/DD/pages/194127898/Archivtaugliche+Dateiformate,,".xls, .xlsb",,,,,,,
Datenbanken,Software Independent Archival of Relational Databases (SIARD),,Herder-Institut Marburg (2023): https://drive.google.com/drive/folders/1xvJaDfa8_DSKHip0A884QhLpoJXAoyZC,NFDI4Cultue: https://docs.nfdi4culture.de/ta4-digital-preservation-basics/3-wie-kommen-materialien-in-ein-digitales-langzeitarchiv/3-4-identifizierung-erhaltenswerter-eigenschaften/dateiformate-fuer-die-langzeitarchivierung,,,,,,,,,
,Structured Query Language (SQL),,Herder-Institut Marburg (2023): https://drive.google.com/drive/folders/1xvJaDfa8_DSKHip0A884QhLpoJXAoyZC,NFDI4Cultue: https://docs.nfdi4culture.de/ta4-digital-preservation-basics/3-wie-kommen-materialien-in-ein-digitales-langzeitarchiv/3-4-identifizierung-erhaltenswerter-eigenschaften/dateiformate-fuer-die-langzeitarchivierung,,,,,,,,,
,MS Access 2010/2016,,Herder-Institut Marburg (2023): https://drive.google.com/drive/folders/1xvJaDfa8_DSKHip0A884QhLpoJXAoyZC,Herder-Institut Marburg (2023): https://drive.google.com/drive/folders/1xvJaDfa8_DSKHip0A884QhLpoJXAoyZC,,.accdb,,,,,,,
,"Export und externe Speicherung der Datenbankinhalte empfohlen, z. B. als XML, CSV, JSON mit Entitäten-Relationen-Diagramm (ERD)",,Herder-Institut Marburg (2023): https://drive.google.com/drive/folders/1xvJaDfa8_DSKHip0A884QhLpoJXAoyZC,Herder-Institut Marburg (2023): https://drive.google.com/drive/folders/1xvJaDfa8_DSKHip0A884QhLpoJXAoyZC,,,,,,,,,
Geoinformationssysteme (GIS),Vektordaten: Environmental Systems Research Institute ESRI Shapefile,,Herder-Institut Marburg (2023): https://drive.google.com/drive/folders/1xvJaDfa8_DSKHip0A884QhLpoJXAoyZC,Herder-Institut Marburg (2023): https://drive.google.com/drive/folders/1xvJaDfa8_DSKHip0A884QhLpoJXAoyZC,,,,,,,,,
,Vektordaten als ESRI ArcGIS/ARCView ShapeFile,,Herder-Institut Marburg (2023): https://drive.google.com/drive/folders/1xvJaDfa8_DSKHip0A884QhLpoJXAoyZC,Herder-Institut Marburg (2023): https://drive.google.com/drive/folders/1xvJaDfa8_DSKHip0A884QhLpoJXAoyZC,,,,,,,,,
,OGC GeoPackage (OpenSource),,Herder-Institut Marburg (2023): https://drive.google.com/drive/folders/1xvJaDfa8_DSKHip0A884QhLpoJXAoyZC,Herder-Institut Marburg (2023): https://drive.google.com/drive/folders/1xvJaDfa8_DSKHip0A884QhLpoJXAoyZC,,,,,,,,,
,Rasterbilddaten als Geo-TIFF,,Herder-Institut Marburg (2023) https://drive.google.com/drive/folders/1xvJaDfa8_DSKHip0A884QhLpoJXAoyZC,Herder-Institut Marburg (2023): https://drive.google.com/drive/folders/1xvJaDfa8_DSKHip0A884QhLpoJXAoyZC,,,,,,,,,
,ESRI World-File (Rastergrafik),,Herder-Institut Marburg (2023): https://drive.google.com/drive/folders/1xvJaDfa8_DSKHip0A884QhLpoJXAoyZC,Herder-Institut Marburg (2023): https://drive.google.com/drive/folders/1xvJaDfa8_DSKHip0A884QhLpoJXAoyZC,,,,,,,,,
,Keyhole Mark-Up Language (kml),,"Herder-Institut Marburg (2023): https://drive.google.com/drive/folders/1xvJaDfa8_DSKHip0A884QhLpoJXAoyZC, lzv.nrw: https://www.lzv.nrw/dateiformate/?mtm_campaign=tafellaunch&mtm_medium=social",Herder-Institut Marburg (2023): https://drive.google.com/drive/folders/1xvJaDfa8_DSKHip0A884QhLpoJXAoyZC,,.kml,,,,,,,
,Geography Markup Language (gml),,Herder-Institut Marburg: https://drive.google.com/drive/folders/1xvJaDfa8_DSKHip0A884QhLpoJXAoyZC,Herder-Institut Marburg (2023): https://drive.google.com/drive/folders/1xvJaDfa8_DSKHip0A884QhLpoJXAoyZC,,.gml,,,,,,,
,Längen- und Breitenangaben (alternativ),,Herder-Institut Marburg (2023): https://drive.google.com/drive/folders/1xvJaDfa8_DSKHip0A884QhLpoJXAoyZC,Herder-Institut Marburg (2023): https://drive.google.com/drive/folders/1xvJaDfa8_DSKHip0A884QhLpoJXAoyZC,,,,,,,,,
,Rasterdaten: Open Geospatial Consortium GeoTIFF,,NFDI4Culture: https://docs.nfdi4culture.de/ta2-fair-handreichung/empfehlungen-dateiformate,,n/a,.tiff,,,,,,,
Webseiten,Hypertext Markup Language (HTML5),,NFDI4Culture: https://docs.nfdi4culture.de/ta2-fair-handreichung/empfehlungen-dateiformate,NFDI4Cultue: https://docs.nfdi4culture.de/ta4-digital-preservation-basics/3-wie-kommen-materialien-in-ein-digitales-langzeitarchiv/3-4-identifizierung-erhaltenswerter-eigenschaften/dateiformate-fuer-die-langzeitarchivierung,,.html,,,,,,,
,Extensible Hypertext Markup Language (XHTML),,"NFDI4Culture: https://docs.nfdi4culture.de/ta2-fair-handreichung/empfehlungen-dateiformate, lzv.nrw: https://www.lzv.nrw/dateiformate/?mtm_campaign=tafellaunch&mtm_medium=social ",NFDI4Cultue: https://docs.nfdi4culture.de/ta4-digital-preservation-basics/3-wie-kommen-materialien-in-ein-digitales-langzeitarchiv/3-4-identifizierung-erhaltenswerter-eigenschaften/dateiformate-fuer-die-langzeitarchivierung,,.xhtml,,,,,,,
,Resource Description Framework in Attributes (RDFa) für das Einbetten von RDF-Statements in HTML und XHTML,,NFDI4Culture: https://docs.nfdi4culture.de/ta2-fair-handreichung/empfehlungen-dateiformate,,n/a,.rdf,,,,,,,
Statistik,R (Sprache und Umgebung für statistische Berechnungen und Grafiken),,Herder-Institut Marburg (2023): https://drive.google.com/drive/folders/1xvJaDfa8_DSKHip0A884QhLpoJXAoyZC,Herder-Institut Marburg (2023): https://drive.google.com/drive/folders/1xvJaDfa8_DSKHip0A884QhLpoJXAoyZC,n/a,.hdf5^4,,,,,,,
Webarchiv,WARC-Format (Web Archive Format),,Herder-Institut Marburg (2023): https://drive.google.com/drive/folders/1xvJaDfa8_DSKHip0A884QhLpoJXAoyZC,Herder-Institut Marburg (2023): https://drive.google.com/drive/folders/1xvJaDfa8_DSKHip0A884QhLpoJXAoyZC,,.warc,,,,,,,
,HTML + CSS (Hyper Text Markup Language + Cascading Style Sheets),,Herder-Institut Marburg (2023): https://drive.google.com/drive/folders/1xvJaDfa8_DSKHip0A884QhLpoJXAoyZC,Herder-Institut Marburg (2023): https://drive.google.com/drive/folders/1xvJaDfa8_DSKHip0A884QhLpoJXAoyZC,,".htm(l), .css",,,,,,,
Bagit,Bagit (File Packaging Format),,Herder-Institut Marburg (2023): https://drive.google.com/drive/folders/1xvJaDfa8_DSKHip0A884QhLpoJXAoyZC,Herder-Institut Marburg (2023): https://drive.google.com/drive/folders/1xvJaDfa8_DSKHip0A884QhLpoJXAoyZC,,".tar, .tgz/.zip",,,,,,,
,ZIP-Format (PKZip),,Herder-Institut Marburg (2023): https://drive.google.com/drive/folders/1xvJaDfa8_DSKHip0A884QhLpoJXAoyZC,Herder-Institut Marburg (2023): https://drive.google.com/drive/folders/1xvJaDfa8_DSKHip0A884QhLpoJXAoyZC,,.zip,,,,,,,
,GZIP (GNU Zip),,Herder-Institut Marburg (2023): https://drive.google.com/drive/folders/1xvJaDfa8_DSKHip0A884QhLpoJXAoyZC,Herder-Institut Marburg (2023): https://drive.google.com/drive/folders/1xvJaDfa8_DSKHip0A884QhLpoJXAoyZC,,.gz,,,,,,,
,TAR (abgeleitet von „tape archive“),,Herder-Institut Marburg (2023): https://drive.google.com/drive/folders/1xvJaDfa8_DSKHip0A884QhLpoJXAoyZC,Herder-Institut Marburg (2023): https://drive.google.com/drive/folders/1xvJaDfa8_DSKHip0A884QhLpoJXAoyZC,,.tar,,,,,,,
Rohdaten und Workspace,"ASCII Text ist langfristig nutzbar, die spätere maschinelle Lesbarkeit ist jedoch unter Umständen aufwendig.",ETH Zürich (2025): Bedingt geeignet,ETH Zürich: https://unlimited.ethz.ch/spaces/DD/pages/194127898/Archivtaugliche+Dateiformate,ETH Zürich: https://unlimited.ethz.ch/spaces/DD/pages/194127898/Archivtaugliche+Dateiformate,,,,,,,,,
,S-Plus (*.sdd) am ehesten als Text-Dateien speichern.,ETH Zürich (2025): Bedingt geeignet,ETH Zürich: https://unlimited.ethz.ch/spaces/DD/pages/194127898/Archivtaugliche+Dateiformate,ETH Zürich: https://unlimited.ethz.ch/spaces/DD/pages/194127898/Archivtaugliche+Dateiformate,,.sdd,,,,,,,
,"Matlab *.mat am ehesten in HDF5 Format speichern. Nichttriviale Matlab *.mat ASCII Files vermeiden, denn sie können mit load nicht gelesen werden (siehe Tabelle 2).",ETH Zürich (2025): Bedingt geeignet,ETH Zürich: https://unlimited.ethz.ch/spaces/DD/pages/194127898/Archivtaugliche+Dateiformate,ETH Zürich: https://unlimited.ethz.ch/spaces/DD/pages/194127898/Archivtaugliche+Dateiformate,,.mat,,,,,,,
,"Network Common Data Format oder NetCDF (*.nc, *.cdf)",ETH Zürich (2025): Bedingt geeignet,ETH Zürich: https://unlimited.ethz.ch/spaces/DD/pages/194127898/Archivtaugliche+Dateiformate,ETH Zürich: https://unlimited.ethz.ch/spaces/DD/pages/194127898/Archivtaugliche+Dateiformate,,".nc, .cdf",,,,,,,
,"Hierarchical Data Format (HDF5) (*.h5, *.hdf5, *.he5)",ETH Zürich (2025): Bedingt geeignet,ETH Zürich: https://unlimited.ethz.ch/spaces/DD/pages/194127898/Archivtaugliche+Dateiformate,ETH Zürich: https://unlimited.ethz.ch/spaces/DD/pages/194127898/Archivtaugliche+Dateiformate,,".h5, .hdf5, .he5",,,,,,,
,"Binäre Dateien wie veraltete Matlab Dateien *.mat (binär), R Dateien *.RData",ETH Zürich (2025): Nicht geeignet,ETH Zürich: https://unlimited.ethz.ch/spaces/DD/pages/194127898/Archivtaugliche+Dateiformate,ETH Zürich: https://unlimited.ethz.ch/spaces/DD/pages/194127898/Archivtaugliche+Dateiformate,,".mat, .RData",,,,,,,
Bibilographische Daten (Zitationsformate),allegro,,Verbundzentrale des GBV: https://format.gbv.de/application/bibliographic,Verbundzentrale des GBV: https://format.gbv.de/application/bibliographic,,,,,,,,,
,CSL-JSON,,,Verbundzentrale des GBV: https://format.gbv.de/application/bibliographic,,,,,,,,,
,BibJSON,,Verbundzentrale des GBV: https://format.gbv.de/application/bibliographic,Verbundzentrale des GBV: https://format.gbv.de/application/bibliographic,,,,,,,,,
,BibTeX,,Verbundzentrale des GBV: https://format.gbv.de/application/bibliographic,Verbundzentrale des GBV: https://format.gbv.de/application/bibliographic,,,,,,,,,
,Citation File Format (CFF),,Verbundzentrale des GBV: https://format.gbv.de/application/bibliographic,Verbundzentrale des GBV: https://format.gbv.de/application/bibliographic,,,,,,,,,
Metadatenformate,Allgemeines Metadatenprofil für Bildungsressourcen (AMB),,,Verbundzentrale des GBV: https://format.gbv.de/application/bibliographic,,,,,,,,,
,Codex Metadata Model (Codex),,Verbundzentrale des GBV: https://format.gbv.de/application/bibliographic,Verbundzentrale des GBV: https://format.gbv.de/application/bibliographic,,,,,,,,,
,Common European Research Information Format (CERIF),,Verbundzentrale des GBV: https://format.gbv.de/application/bibliographic,Verbundzentrale des GBV: https://format.gbv.de/application/bibliographic,,,,,,,,,
,Cataloging Cultural Objects: A Guide to Describing Cultural Works and Their Images (CCO),,,Verbundzentrale des GBV: https://format.gbv.de/application/bibliographic,,,,,,,,,
,Categories for the Description of Works of Art (CDWA),,Verbundzentrale des GBV: https://format.gbv.de/application/bibliographic,Verbundzentrale des GBV: https://format.gbv.de/application/bibliographic,,,,,,,,,
,CodeMeta,,Verbundzentrale des GBV: https://format.gbv.de/application/bibliographic,Verbundzentrale des GBV: https://format.gbv.de/application/bibliographic,,,,,,,,,
,Culture Graph Interchange Format (CGIF),,Verbundzentrale des GBV: https://format.gbv.de/application/bibliographic,Verbundzentrale des GBV: https://format.gbv.de/application/bibliographic,,,,,,,,,
,Data Package,,Verbundzentrale des GBV: https://format.gbv.de/application/bibliographic,Verbundzentrale des GBV: https://format.gbv.de/application/bibliographic,,,,,,,,,
,Data Resoure,,Verbundzentrale des GBV: https://format.gbv.de/application/bibliographic,Verbundzentrale des GBV: https://format.gbv.de/application/bibliographic,,,,,,,,,
,DataCite,,Verbundzentrale des GBV: https://format.gbv.de/application/bibliographic,Verbundzentrale des GBV: https://format.gbv.de/application/bibliographic,,,,,,,,,
,DNB Casual (dnbterms),,Verbundzentrale des GBV: https://format.gbv.de/application/bibliographic,Verbundzentrale des GBV: https://format.gbv.de/application/bibliographic,,,,,,,,,
,Document Availability Information API (DAIA),,Verbundzentrale des GBV: https://format.gbv.de/application/bibliographic,Verbundzentrale des GBV: https://format.gbv.de/application/bibliographic,,,,,,,,,
,EN 15907,,Verbundzentrale des GBV: https://format.gbv.de/application/bibliographic,Verbundzentrale des GBV: https://format.gbv.de/application/bibliographic,,,,,,,,,
,Encoded Archival Description (EAD),,Verbundzentrale des GBV: https://format.gbv.de/application/bibliographic,Verbundzentrale des GBV: https://format.gbv.de/application/bibliographic,,,,,,,,,
,Endnote Tagged Format (ENW),,Verbundzentrale des GBV: https://format.gbv.de/application/bibliographic,Verbundzentrale des GBV: https://format.gbv.de/application/bibliographic,,,,,,,,,
,Europeana Data Model (EDM),,Verbundzentrale des GBV: https://format.gbv.de/application/bibliographic,Verbundzentrale des GBV: https://format.gbv.de/application/bibliographic,,,,,,,,,
,Exchangeable Image File Format (Exif),,Verbundzentrale des GBV: https://format.gbv.de/application/bibliographic,Verbundzentrale des GBV: https://format.gbv.de/application/bibliographic,,,,,,,,,
,Extensible Metadata Platform (XMP),,Verbundzentrale des GBV: https://format.gbv.de/application/bibliographic,Verbundzentrale des GBV: https://format.gbv.de/application/bibliographic,,,,,,,,,
,Functional Requirements for Bibliographic Records (FRBR),,Verbundzentrale des GBV: https://format.gbv.de/application/bibliographic,Verbundzentrale des GBV: https://format.gbv.de/application/bibliographic,,,,,,,,,
,Hayagriva YAML File Format (Hayagriva),,Verbundzentrale des GBV: https://format.gbv.de/application/bibliographic,Verbundzentrale des GBV: https://format.gbv.de/application/bibliographic,,,,,,,,,
,International Standard Bibliographic Description (ISBD),,Verbundzentrale des GBV: https://format.gbv.de/application/bibliographic,Verbundzentrale des GBV: https://format.gbv.de/application/bibliographic,,,,,,,,,
,Journal Article Tag Suite (JATS),,Verbundzentrale des GBV: https://format.gbv.de/application/bibliographic,Verbundzentrale des GBV: https://format.gbv.de/application/bibliographic,,,,,,,,,
,Kerndatensatz Forschung (KDSF),,Verbundzentrale des GBV: https://format.gbv.de/application/bibliographic,Verbundzentrale des GBV: https://format.gbv.de/application/bibliographic,,,,,,,,,
,Knowledge Base And Related Tools (KBART),,Verbundzentrale des GBV: https://format.gbv.de/application/bibliographic,Verbundzentrale des GBV: https://format.gbv.de/application/bibliographic,,,,,,,,,
,Langzeitarchivierungsmetadaten für elektronische Ressourcen (LMER),,Verbundzentrale des GBV: https://format.gbv.de/application/bibliographic,Verbundzentrale des GBV: https://format.gbv.de/application/bibliographic,,,,,,,,,
,Learning Objects Metadata (LOM),,Verbundzentrale des GBV: https://format.gbv.de/application/bibliographic,Verbundzentrale des GBV: https://format.gbv.de/application/bibliographic,,,,,,,,,
,Lightweight Information Describing Objects (LIDO),,Verbundzentrale des GBV: https://format.gbv.de/application/bibliographic,Verbundzentrale des GBV: https://format.gbv.de/application/bibliographic,,,,,,,,,
,DDB-LIDO,,Verbundzentrale des GBV: https://format.gbv.de/application/bibliographic,Verbundzentrale des GBV: https://format.gbv.de/application/bibliographic,,,,,,,,,
,Gemeinsamer Feldkatalog Graphischer Sammlungen,,Verbundzentrale des GBV: https://format.gbv.de/application/bibliographic,Verbundzentrale des GBV: https://format.gbv.de/application/bibliographic,,,,,,,,,
,KENOM-LIDO,,Verbundzentrale des GBV: https://format.gbv.de/application/bibliographic,Verbundzentrale des GBV: https://format.gbv.de/application/bibliographic,,,,,,,,,
,kuniweb-LIDO,,Verbundzentrale des GBV: https://format.gbv.de/application/bibliographic,Verbundzentrale des GBV: https://format.gbv.de/application/bibliographic,,,,,,,,,
,MARC,,Verbundzentrale des GBV: https://format.gbv.de/application/bibliographic,Verbundzentrale des GBV: https://format.gbv.de/application/bibliographic,,,,,,,,,
,CBS MARC 21 Format,,Verbundzentrale des GBV: https://format.gbv.de/application/bibliographic,Verbundzentrale des GBV: https://format.gbv.de/application/bibliographic,,,,,,,,,
,JAPAN/MARC Format für bibliographische Daten,,Verbundzentrale des GBV: https://format.gbv.de/application/bibliographic,Verbundzentrale des GBV: https://format.gbv.de/application/bibliographic,,,,,,,,,
,MARC 21 Format für bibliographische Daten,,Verbundzentrale des GBV: https://format.gbv.de/application/bibliographic,Verbundzentrale des GBV: https://format.gbv.de/application/bibliographic,,,,,,,,,
,MARC 21 Format für Lokaldaten,,Verbundzentrale des GBV: https://format.gbv.de/application/bibliographic,Verbundzentrale des GBV: https://format.gbv.de/application/bibliographic,,,,,,,,,
,MARC 21 LITE Bibliographic Format,,Verbundzentrale des GBV: https://format.gbv.de/application/bibliographic,Verbundzentrale des GBV: https://format.gbv.de/application/bibliographic,,,,,,,,,
,UNIMARC Format für bibliographische Daten,,Verbundzentrale des GBV: https://format.gbv.de/application/bibliographic,Verbundzentrale des GBV: https://format.gbv.de/application/bibliographic,,,,,,,,,
,UNIMARC Format für Lokaldaten,,Verbundzentrale des GBV: https://format.gbv.de/application/bibliographic,Verbundzentrale des GBV: https://format.gbv.de/application/bibliographic,,,,,,,,,
,Maschinelles Austauschformat für Bibliotheken (MAB),,Verbundzentrale des GBV: https://format.gbv.de/application/bibliographic,Verbundzentrale des GBV: https://format.gbv.de/application/bibliographic,,,,,,,,,
,Metadata Encoding & Transmission Standard (METS),,Verbundzentrale des GBV: https://format.gbv.de/application/bibliographic,Verbundzentrale des GBV: https://format.gbv.de/application/bibliographic,,,,,,,,,
,Metadata Object Description Schema (MODS),,Verbundzentrale des GBV: https://format.gbv.de/application/bibliographic,Verbundzentrale des GBV: https://format.gbv.de/application/bibliographic,,,,,,,,,
,museumdat,,Verbundzentrale des GBV: https://format.gbv.de/application/bibliographic,Verbundzentrale des GBV: https://format.gbv.de/application/bibliographic,,,,,,,,,
,ONline Information eXchange (ONIX),,Verbundzentrale des GBV: https://format.gbv.de/application/bibliographic,Verbundzentrale des GBV: https://format.gbv.de/application/bibliographic,,,,,,,,,
,PICA-Format (PICA),,Verbundzentrale des GBV: https://format.gbv.de/application/bibliographic,Verbundzentrale des GBV: https://format.gbv.de/application/bibliographic,,,,,,,,,
,CBS MARC 21 PICA+ format,,Verbundzentrale des GBV: https://format.gbv.de/application/bibliographic,Verbundzentrale des GBV: https://format.gbv.de/application/bibliographic,,,,,,,,,
,K10plus Format,,Verbundzentrale des GBV: https://format.gbv.de/application/bibliographic,Verbundzentrale des GBV: https://format.gbv.de/application/bibliographic,,,,,,,,,
,ZDB-Format,,Verbundzentrale des GBV: https://format.gbv.de/application/bibliographic,Verbundzentrale des GBV: https://format.gbv.de/application/bibliographic,,,,,,,,,
,Research Information System Format (RIS),,Verbundzentrale des GBV: https://format.gbv.de/application/bibliographic,Verbundzentrale des GBV: https://format.gbv.de/application/bibliographic,,,,,,,,,
,Schemas und Schemasprachen (Schemas),,Verbundzentrale des GBV: https://format.gbv.de/application/bibliographic,Verbundzentrale des GBV: https://format.gbv.de/application/bibliographic,,,,,,,,,
,Metadata Vocabulary for Tabular Data,,Verbundzentrale des GBV: https://format.gbv.de/application/bibliographic,Verbundzentrale des GBV: https://format.gbv.de/application/bibliographic,,,,,,,,,
,Spectrum,,Verbundzentrale des GBV: https://format.gbv.de/application/bibliographic,Verbundzentrale des GBV: https://format.gbv.de/application/bibliographic,,,,,,,,,
,VZG Articleformat,,Verbundzentrale des GBV: https://format.gbv.de/application/bibliographic,Verbundzentrale des GBV: https://format.gbv.de/application/bibliographic,,,,,,,,,