Dateiart,Datenformate,Bemerkungen,Quellen,Quellen zur Ampel,Ampel,Extensions,,,Legende,,,,Definition
Text, XML 1.1 (Extensible Markup Language),ETH Zürich (2025) : inklusive XSD/XSL/XHTML etc.; wobei Schema und Buchstabenkodierung explizit im File angegeben werden sollen,"ETH Zürich (2025): https://unlimited.ethz.ch/spaces/DD/pages/194127898/Archivtaugliche+Dateiformate, NFDI4Culture: https://docs.nfdi4culture.de/ta2-fair-handreichung/empfehlungen-dateiformate",Schweizerisches Bundesarchiv (BAR): https://www.bar.admin.ch/dam/bar/de/dokumente/konzepte_und_weisungen/archivtaugliche_dateiformate.1.pdf.download.pdf/archivtaugliche_dateiformate.pdf,,.xml,,,,Empfohlen/Geeignet für Lanzeitarchivierung,,,Aufbewahrung für von mehr als zehn Jahren
,JSON (JavaScript Object Notation),,NFDI4Culture: https://docs.nfdi4culture.de/ta2-fair-handreichung/empfehlungen-dateiformate,Schweizerisches Bundesarchiv (BAR): https://www.bar.admin.ch/dam/bar/de/dokumente/konzepte_und_weisungen/archivtaugliche_dateiformate.1.pdf.download.pdf/archivtaugliche_dateiformate.pdf,,.json,,,,Nicht geeignet bzw. nicht empfohlen,,,Nicht empfohlen für Langzeitarchivierung
,CSV (Comma-Separated Values),"Typ ""Tabelle""",Schweizerisches Bundesarchiv (BAR): https://www.bar.admin.ch/dam/bar/de/dokumente/konzepte_und_weisungen/archivtaugliche_dateiformate.1.pdf.download.pdf/archivtaugliche_dateiformate.pdf,lzv.nrw: https://www.lzv.nrw/dateiformate/?mtm_campaign=tafellaunch&mtm_medium=social,,.csv,,,,Bedingt geeignet,,,Aufbewahrung bzw. Nutzung für höchstens zehn Jahre
,TXT (Codierung UTF-8) Textdatei ,,Schweizerisches Bundesarchiv (BAR): https://www.bar.admin.ch/dam/bar/de/dokumente/konzepte_und_weisungen/archivtaugliche_dateiformate.1.pdf.download.pdf/archivtaugliche_dateiformate.pdf,Schweizerisches Bundesarchiv (BAR): https://www.bar.admin.ch/dam/bar/de/dokumente/konzepte_und_weisungen/archivtaugliche_dateiformate.1.pdf.download.pdf/archivtaugliche_dateiformate.pdf,,.txt,,,,,,,
,PDF A (Portable Document Format A),HI: Priorisiertes Datenformat für Langzeitarchivierung,NFDI4Culture: https://docs.nfdi4culture.de/ta2-fair-handreichung/empfehlungen-dateiformate,Herder-Institut Marburg: https://zenodo.org/records/18389872,,.pdf,,,,,,,
,OOXML (Office Open Extensible Markup Language),,ETH Zürich: https://unlimited.ethz.ch/spaces/DD/pages/194127898/Archivtaugliche+Dateiformate,Herder-Institut Marburg: https://zenodo.org/records/18389871,,".docx, .docm, .pptx, .pptm, .xlsx, .xlsm",,,,,,,
,PDF/A-3 (*.pdf),,ETH Zürich: https://unlimited.ethz.ch/spaces/DD/pages/194127898/Archivtaugliche+Dateiformate,Schweizerisches Bundesarchiv (BAR): https://www.bar.admin.ch/dam/bar/de/dokumente/konzepte_und_weisungen/archivtaugliche_dateiformate.1.pdf.download.pdf/archivtaugliche_dateiformate.pdf,,.pdf,,,,,,,
,RTF (Rich Text Format),,ETH Zürich: https://unlimited.ethz.ch/spaces/DD/pages/194127898/Archivtaugliche+Dateiformate,ETH Zürich: https://unlimited.ethz.ch/spaces/DD/pages/194127898/Archivtaugliche+Dateiformate,,.rtf,,,,,,,
,"XML mit DTD-Datei pder XML-Schema, JSON, HTML",,NFDI4Culture: https://docs.nfdi4culture.de/ta2-fair-handreichung/empfehlungen-dateiformate,NFDI4Culture: https://docs.nfdi4culture.de/ta2-fair-handreichung/empfehlungen-dateiformate,,,,,,,,,
,"Textdateien, UTF-8 ohne BOM kodiert (je nach inhalt .txt, ac, xml, etc.)",,ETH Zürich: https://unlimited.ethz.ch/spaces/DD/pages/194127898/Archivtaugliche+Dateiformate,Herder-Institut Marburg: https://zenodo.org/records/18389871,,.html,,,,,,,
,"*.odm, *.odt, *.odg, *.odc, *.odf (OpenDocument Formate)",ETH Zürich (2025):Bedingt geeignet,kost-ceco: https://kost-ceco.ch/cms/kad_image_de.html,Herder-Institut Marburg: https://zenodo.org/records/18389871,,"*.odm, *.odt, *.odg, *.odc, *.odf",,,,,,,
,JSON LD (JavaScript Object Notation for Linked Data),,kost-ceco: https://kost-ceco.ch/cms/kad_image_de.html,NFDI4Culture: https://docs.nfdi4culture.de/ta2-fair-handreichung/empfehlungen-dateiformate,,.jsonld,,,,,,,
,RDFa (Resource Description Framework in Attributes),,NFDI4Culture: https://docs.nfdi4culture.de/ta2-fair-handreichung/empfehlungen-dateiformate,NFDI4Culture: https://docs.nfdi4culture.de/ta2-fair-handreichung/empfehlungen-dateiformate,,.rdf,,,,,,,
,*.docx (Word),"ETH Zürich (2025):Bedingt geeignet, nicht akzeptiert für Publikationen, akzeptiert für Supplementary Materials",ETH Zürich: https://unlimited.ethz.ch/spaces/DD/pages/194127898/Archivtaugliche+Dateiformate,ETH Zürich: https://unlimited.ethz.ch/spaces/DD/pages/194127898/Archivtaugliche+Dateiformate,,.docx,,,,,,,
,LaTeX und TeX (Die ASCII Texte sind langfristig lesbar; allenfalls benutzte lizenzfreie Softwarepakete mit Spezialfonts und resultierendes PDF sollten mitgeliefert werden),"ETH Zürich (2025):Bedingt geeignet, aber nur für Supplementary Materials, lzv.nrw: geeignet für Langzeitarchivierung=>Bei manchen Quellen geeignet",ETH Zürich: https://unlimited.ethz.ch/spaces/DD/pages/194127898/Archivtaugliche+Dateiformate,ETH Zürich: https://unlimited.ethz.ch/spaces/DD/pages/194127898/Archivtaugliche+Dateiformate,,.tex,,,,,,,
,*.md (Markdown),ETH Zürich (2025):Bedingt geeignet,ETH Zürich: https://unlimited.ethz.ch/spaces/DD/pages/194127898/Archivtaugliche+Dateiformate,ETH Zürich: https://unlimited.ethz.ch/spaces/DD/pages/194127898/Archivtaugliche+Dateiformate,,.md,,,,,,,
,*doc (Word),ETH Zürich (2025): nicht geeignet,ETH Zürich: https://unlimited.ethz.ch/spaces/DD/pages/194127898/Archivtaugliche+Dateiformate,ETH Zürich: https://unlimited.ethz.ch/spaces/DD/pages/194127898/Archivtaugliche+Dateiformate,,.doc,,,,,,,
,*.pptx (PowerPoint),ETH Zürich (2025): nicht geeignet,ETH Zürich: https://unlimited.ethz.ch/spaces/DD/pages/194127898/Archivtaugliche+Dateiformate,ETH Zürich: https://unlimited.ethz.ch/spaces/DD/pages/194127898/Archivtaugliche+Dateiformate,,.ppt,,,,,,,
Unformatierter Text,"*.txt, *.asc, *.c, *.h, *.cpp, *.m, *.py, *.r usw. (Unformatierter Text)",,ETH Zürich: https://unlimited.ethz.ch/spaces/DD/pages/194127898/Archivtaugliche+Dateiformate,Herder-Institut Marburg: https://zenodo.org/records/18389871,,"txt, *.asc, *.c, *.h, *.cpp, *.m, *.py, *.r usw.",,,,,,,
,.md (Markdown),,ETH Zürich: https://unlimited.ethz.ch/spaces/DD/pages/194127898/Archivtaugliche+Dateiformate,ETH Zürich: https://unlimited.ethz.ch/spaces/DD/pages/194127898/Archivtaugliche+Dateiformate,,.md,,,,,,,
Musik,MEI (Music Encoding Initiative),,NFDI4Culture: https://docs.nfdi4culture.de/ta2-fair-handreichung/empfehlungen-dateiformate,NFDI4Culture: https://docs.nfdi4culture.de/ta2-fair-handreichung/empfehlungen-dateiformate,,.mei,,,,,,,
,MusicXML,,NFDI4Culture: https://docs.nfdi4culture.de/ta2-fair-handreichung/empfehlungen-dateiformate,NFDI4Culture: https://docs.nfdi4culture.de/ta2-fair-handreichung/empfehlungen-dateiformate,,.xml,,,,,,,
,Parsons Code,,NFDI4Culture: https://docs.nfdi4culture.de/ta2-fair-handreichung/empfehlungen-dateiformate,NFDI4Culture: https://docs.nfdi4culture.de/ta2-fair-handreichung/empfehlungen-dateiformate,,.pc,,,,,,,
,PDF A (Portable Document Format A) ,"Wurde nicht gesagt, inwiefern es priorisiert wird",NFDI4Culture: https://docs.nfdi4culture.de/ta2-fair-handreichung/empfehlungen-dateiformate,NFDI4Culture: https://docs.nfdi4culture.de/ta2-fair-handreichung/empfehlungen-dateiformate,n/a,.pdf,,,,,,,
Bild (Rastergrafiken),"TIFF, TIFF-LZW (Master: baseline Tagged Image File Format, unkomprimiert; TIFF mit Lempel-Ziv-Welch-Komprimierung) ",lzv.nrw: empfohlen für Langzeitarchivierung,"NFDI4Culture: https://docs.nfdi4culture.de/ta2-fair-handreichung/empfehlungen-dateiformate, lzv.nrw: https://www.lzv.nrw/dateiformate/?mtm_campaign=tafellaunch&mtm_medium=social",lzv.nrw: https://www.lzv.nrw/dateiformate/?mtm_campaign=tafellaunch&mtm_medium=social,,".tiff, .tif",,,,,,,
,TIFF+EWF.XML- Tagged Image File Format und Exdended World File,,Schweizerisches Bundesarchiv (BAR): https://www.bar.admin.ch/dam/bar/de/dokumente/konzepte_und_weisungen/archivtaugliche_dateiformate.1.pdf.download.pdf/archivtaugliche_dateiformate.pdf,Schweizerisches Bundesarchiv (BAR): https://www.bar.admin.ch/dam/bar/de/dokumente/konzepte_und_weisungen/archivtaugliche_dateiformate.1.pdf.download.pdf/archivtaugliche_dateiformate.pdf,,".tif, .tiff., .xml, .xsd",,,,,,,
,"JPEG 1 und JPEG 2000 (Joint Photographic Experts Group, verlustfrei komprimiert, lizenzfreie Bereiche)",,"NFDI4Culture: https://docs.nfdi4culture.de/ta2-fair-handreichung/empfehlungen-dateiformate, lzv.nrw: https://www.lzv.nrw/dateiformate/?mtm_campaign=tafellaunch&mtm_medium=social",Schweizerisches Bundesarchiv (BAR): https://www.bar.admin.ch/dam/bar/de/dokumente/konzepte_und_weisungen/archivtaugliche_dateiformate.1.pdf.download.pdf/archivtaugliche_dateiformate.pdf,,.jp2,,,,,,,
,PDF A (Portable Document Format A),,Herder-Institut Marburg (2023): https://drive.google.com/drive/folders/1xvJaDfa8_DSKHip0A884QhLpoJXAoyZC,Herder-Institut Marburg (2023): https://drive.google.com/drive/folders/1xvJaDfa8_DSKHip0A884QhLpoJXAoyZC,,.pdf,,,,,,,
,"Präsentationsformate (Derivate): JPEG, JPEG 2000, Portable Network Graphics (PNG)",,NFDI4Culture: https://docs.nfdi4culture.de/ta2-fair-handreichung/empfehlungen-dateiformate,ETH Zürich: https://unlimited.ethz.ch/spaces/DD/pages/194127898/Archivtaugliche+Dateiformate,,.png,,,,,,,
,DNG (Rohdaten: Digital Negative),,NFDI4Culture: https://docs.nfdi4culture.de/ta2-fair-handreichung/empfehlungen-dateiformate,kost-ceco: https://kost-ceco.ch/cms/kad_image_de.html,,.dng,,,,,,,
,PSD (Photoshop),ETH Zürich (2025): Nicht geeignet,ETH Zürich: https://unlimited.ethz.ch/spaces/DD/pages/194127898/Archivtaugliche+Dateiformate,ETH Zürich: https://unlimited.ethz.ch/spaces/DD/pages/194127898/Archivtaugliche+Dateiformate,,.psd,,,,,,,
Bild (Vektorgrafiken) und CAD,SVG (Scalable Vector Graphics),Empfohlen ohne JavaScript Binding,ETH Zürich: https://unlimited.ethz.ch/spaces/DD/pages/194127898/Archivtaugliche+Dateiformate,ETH Zürich: https://unlimited.ethz.ch/spaces/DD/pages/194127898/Archivtaugliche+Dateiformate,,.svg,,,,,,,
,*.dwg (AutoCAD Drawing),,ETH Zürich: https://unlimited.ethz.ch/spaces/DD/pages/194127898/Archivtaugliche+Dateiformate,ETH Zürich: https://unlimited.ethz.ch/spaces/DD/pages/194127898/Archivtaugliche+Dateiformate,,.dwg,,,,,,,
,"*.dxf (Drawing Interchange Format, AutoCAD)",,"ETH Zürich: https://unlimited.ethz.ch/spaces/DD/pages/194127898/Archivtaugliche+Dateiformate, lzv.nrw: https://www.lzv.nrw/dateiformate/?mtm_campaign=tafellaunch&mtm_medium=social ",ETH Zürich: https://unlimited.ethz.ch/spaces/DD/pages/194127898/Archivtaugliche+Dateiformate,,.dxf,,,,,,,
,"*.x3d, *.x3dv, *.x3db (Extensible 3D, X3D)",,ETH Zürich: https://unlimited.ethz.ch/spaces/DD/pages/194127898/Archivtaugliche+Dateiformate,ETH Zürich: https://unlimited.ethz.ch/spaces/DD/pages/194127898/Archivtaugliche+Dateiformate,,".x3d, .x3dv, -x3db",,,,,,,
,*.eps (Encapsulated Postscript),ETH Zürich (2025): Nicht geeignet,ETH Zürich: https://unlimited.ethz.ch/spaces/DD/pages/194127898/Archivtaugliche+Dateiformate,ETH Zürich: https://unlimited.ethz.ch/spaces/DD/pages/194127898/Archivtaugliche+Dateiformate,,.eps,,,,,,,
,"Grafik InDesign (*.indd), Illustrator (*.ait)",ETH Zürich (2025): Nicht geeignet,ETH Zürich: https://unlimited.ethz.ch/spaces/DD/pages/194127898/Archivtaugliche+Dateiformate,ETH Zürich: https://unlimited.ethz.ch/spaces/DD/pages/194127898/Archivtaugliche+Dateiformate,,.indd,,,,,,,
Audio,Archivformat: Waveform Audio File-Format (WAV) in Verbindung mit Pulse Code Modulation (PCM); Free Lossless Audio Codec (FLAC),,Schweizerisches Bundesarchiv (BAR): https://www.bar.admin.ch/dam/bar/de/dokumente/konzepte_und_weisungen/archivtaugliche_dateiformate.1.pdf.download.pdf/archivtaugliche_dateiformate.pdf,lzv.nrw: https://www.lzv.nrw/dateiformate/?mtm_campaign=tafellaunch&mtm_medium=social,,".wav, .flac",,,,,,,
,*.mp4 (Advanced Audio Coding),ETH Zürich (2025): Bedingt geeignet,ETH Zürich: https://unlimited.ethz.ch/spaces/DD/pages/194127898/Archivtaugliche+Dateiformate,ETH Zürich: https://unlimited.ethz.ch/spaces/DD/pages/194127898/Archivtaugliche+Dateiformate,,.mp4,,,,,,,
,MP3 (*.mp3),"ETH Zürich (2025):Bedingt geeignet, HI: Nicht empfohlen",kost-ceco: https://kost-ceco.ch/cms/kad_image_de.html,ETH Zürich: https://unlimited.ethz.ch/spaces/DD/pages/194127898/Archivtaugliche+Dateiformate,,.mp3,,,,,,,
,Präsentationsformat: MPEG-2 Audiolayer III (MP3),"Nicht empfohlen laut HI, bedingt geeignet laut ETH Zürich",ETH Zürich: https://unlimited.ethz.ch/spaces/DD/pages/194127898/Archivtaugliche+Dateiformate,ETH Zürich: https://unlimited.ethz.ch/spaces/DD/pages/194127898/Archivtaugliche+Dateiformate,,.mp3,,,,,,,
Video/Film,Archivformate:,,,,,,,,,,,,
,Codec FFV1 / Container MKV,,"NFDI4Culture: https://docs.nfdi4culture.de/ta2-fair-handreichung/empfehlungen-dateiformate, lzv.nrw: https://www.lzv.nrw/dateiformate/?mtm_campaign=tafellaunch&mtm_medium=social",Schweizerisches Bundesarchiv (BAR): https://www.bar.admin.ch/dam/bar/de/dokumente/konzepte_und_weisungen/archivtaugliche_dateiformate.1.pdf.download.pdf/archivtaugliche_dateiformate.pdf,,.mkv,,,,,,,
,TIFF mit FFV1 in Matroshka codiert,,NFDI4Culture: https://docs.nfdi4culture.de/ta2-fair-handreichung/empfehlungen-dateiformate,NFDI4Culture: https://docs.nfdi4culture.de/ta2-fair-handreichung/empfehlungen-dateiformate,,,,,,,,,
,MPEG-4 Moving Picture Experts Group Standard ,ETH Zürich (2025): Bedingt geeignet,ETH Zürich: https://unlimited.ethz.ch/spaces/DD/pages/194127898/Archivtaugliche+Dateiformate,Schweizerisches Bundesarchiv (BAR): https://www.bar.admin.ch/dam/bar/de/dokumente/konzepte_und_weisungen/archivtaugliche_dateiformate.1.pdf.download.pdf/archivtaugliche_dateiformate.pdf,,.jpeg,,,,,,,
,"Präsentationsformat: MP4 (MPEG-4, part 14)",ETH Zürich (2025): Bedingt geeignet,ETH Zürich: https://unlimited.ethz.ch/spaces/DD/pages/194127898/Archivtaugliche+Dateiformate,ETH Zürich: https://unlimited.ethz.ch/spaces/DD/pages/194127898/Archivtaugliche+Dateiformate,,.mp4,,,,,,,
,"MPEG-2 (*.mpg,*.mpeg)",ETH Zürich (2025): Bedingt geeignet,ETH Zürich: https://unlimited.ethz.ch/spaces/DD/pages/194127898/Archivtaugliche+Dateiformate,ETH Zürich: https://unlimited.ethz.ch/spaces/DD/pages/194127898/Archivtaugliche+Dateiformate,,".mpg, .mpeg",,,,,,,
,MOV QuickTime Movie (*.mov),ETH Zürich (2025): Bedingt geeignet,ETH Zürich: https://unlimited.ethz.ch/spaces/DD/pages/194127898/Archivtaugliche+Dateiformate,ETH Zürich: https://unlimited.ethz.ch/spaces/DD/pages/194127898/Archivtaugliche+Dateiformate,,.mov,,,,,,,
,AVI Audio Video Interleave (*.avi),"ETH Zürich (2025): Bedingt geeignet, lzv.nrw: empfohlen","ETH Zürich: https://unlimited.ethz.ch/spaces/DD/pages/194127898/Archivtaugliche+Dateiformate, lzv.nr: https://www.lzv.nrw/dateiformate/?mtm_campaign=tafellaunch&mtm_medium=social",ETH Zürich: https://unlimited.ethz.ch/spaces/DD/pages/194127898/Archivtaugliche+Dateiformate,,.avi,,,,,,,
,WMV Windows Media Video (*.wmv),ETH Zürich (2025): Nicht geeignet,ETH Zürich: https://unlimited.ethz.ch/spaces/DD/pages/194127898/Archivtaugliche+Dateiformate,ETH Zürich: https://unlimited.ethz.ch/spaces/DD/pages/194127898/Archivtaugliche+Dateiformate,,.wmv,,,,,,,
,weitere Empfehlungen der nestor AG Media,"Wurde nicht spezifiert, ob es für Langzeitarchivierung geeignet ist.",,,,,,,,,,,
,MJPEG2000 (Moving Picture Experts Group Motion JPEG 2000),"Wurde nicht spezifiert, ob es für Langzeitarchivierung geeignet ist.",NFDI4Culture: https://docs.nfdi4culture.de/ta2-fair-handreichung/empfehlungen-dateiformate,NFDI4Culture: https://docs.nfdi4culture.de/ta2-fair-handreichung/empfehlungen-dateiformate,n/a,.jpeg,,,,,,,
,"DPX (Digital Picture Exchange), SMPTE 268M-2003, v 2.0","Wurde nicht spezifiert, ob es für Langzeitarchivierung geeignet ist.",NFDI4Culture: https://docs.nfdi4culture.de/ta2-fair-handreichung/empfehlungen-dateiformate,NFDI4Culture: https://docs.nfdi4culture.de/ta2-fair-handreichung/empfehlungen-dateiformate,n/a,.dpx,,,,,,,
,"MXF (Material Exchange Format), SMPTE 377M","Wurde nicht spezifiert, ob es für Langzeitarchivierung geeignet ist.",NFDI4Culture: https://docs.nfdi4culture.de/ta2-fair-handreichung/empfehlungen-dateiformate,NFDI4Culture: https://docs.nfdi4culture.de/ta2-fair-handreichung/empfehlungen-dateiformate,n/a,.mxf,,,,,,,
3D, glTF (Graphics Language Transmission Format),,NFDI4Culture: https://docs.nfdi4culture.de/ta2-fair-handreichung/empfehlungen-dateiformate,NFDI4Cultue: https://docs.nfdi4culture.de/ta4-digital-preservation-basics/3-wie-kommen-materialien-in-ein-digitales-langzeitarchiv/3-4-identifizierung-erhaltenswerter-eigenschaften/dateiformate-fuer-die-langzeitarchivierung,,,,,,,,,
,(OBJ) Wavefront Object,,NFDI4Culture: https://docs.nfdi4culture.de/ta2-fair-handreichung/empfehlungen-dateiformate,NFDI4Cultue: https://docs.nfdi4culture.de/ta4-digital-preservation-basics/3-wie-kommen-materialien-in-ein-digitales-langzeitarchiv/3-4-identifizierung-erhaltenswerter-eigenschaften/dateiformate-fuer-die-langzeitarchivierung,,.obj,,,,,,,
,"X3D (Extensible 3D)
",,"NFDI4Culture: https://docs.nfdi4culture.de/ta2-fair-handreichung/empfehlungen-dateiformate, lzv.nrw: https://www.lzv.nrw/dateiformate/?mtm_campaign=tafellaunch&mtm_medium=social ",NFDI4Cultue: https://docs.nfdi4culture.de/ta4-digital-preservation-basics/3-wie-kommen-materialien-in-ein-digitales-langzeitarchiv/3-4-identifizierung-erhaltenswerter-eigenschaften/dateiformate-fuer-die-langzeitarchivierung,,.x3d,,,,,,,
,"Präsentationsformat: glTF, X3D, OBJ",,NFDI4Culture: https://docs.nfdi4culture.de/ta2-fair-handreichung/empfehlungen-dateiformate,NFDI4Cultue: https://docs.nfdi4culture.de/ta4-digital-preservation-basics/3-wie-kommen-materialien-in-ein-digitales-langzeitarchiv/3-4-identifizierung-erhaltenswerter-eigenschaften/dateiformate-fuer-die-langzeitarchivierung,,".gitf, .x3d, .obj",,,,,,,
,COLLADA (COLLAborative Design Activity),,NFDI4Culture: https://docs.nfdi4culture.de/ta2-fair-handreichung/empfehlungen-dateiformate,,n/a,,,,,,,,
Tabellen," XML Extensible Markup Language 1.1, mit XML Schema Definition (XSD)",,NFDI4Culture: https://docs.nfdi4culture.de/ta2-fair-handreichung/empfehlungen-dateiformate,NFDI4Cultue: https://docs.nfdi4culture.de/ta4-digital-preservation-basics/3-wie-kommen-materialien-in-ein-digitales-langzeitarchiv/3-4-identifizierung-erhaltenswerter-eigenschaften/dateiformate-fuer-die-langzeitarchivierung,,.xml,,,,,,,
,Comma-Separated Values (CSV),,kost-ceco: https://kost-ceco.ch/cms/kad_image_de.html,kost-ceco: https://kost-ceco.ch/cms/kad_image_de.html,,.csv,,,,,,,
,Excel *.xlsx (Containerformat),ETH Zürich (2025): Bedingt geeignet,kost-ceco: https://kost-ceco.ch/cms/kad_image_de.html,ETH Zürich: https://unlimited.ethz.ch/spaces/DD/pages/194127898/Archivtaugliche+Dateiformate,,.xlsx,,,,,,,
," *.odm, *.odt, *.odg, *.odc, *.odf (OpenDocument Formate)",ETH Zürich (2025): Bedingt geeignet,ETH Zürich: https://unlimited.ethz.ch/spaces/DD/pages/194127898/Archivtaugliche+Dateiformate,ETH Zürich: https://unlimited.ethz.ch/spaces/DD/pages/194127898/Archivtaugliche+Dateiformate,,"*.odm, *.odt, *.odg, *.odc, *.odf",,,,,,,
,"Excel *.xls, *.xlsb (binäre Formate)",ETH Zürich (2025): Nicht geeignet,ETH Zürich: https://unlimited.ethz.ch/spaces/DD/pages/194127898/Archivtaugliche+Dateiformate,ETH Zürich: https://unlimited.ethz.ch/spaces/DD/pages/194127898/Archivtaugliche+Dateiformate,,".xls, .xlsb",,,,,,,
Datenbanken,SIARD (Software Independent Archival of Relational Databases),,kost-ceco: https://kost-ceco.ch/cms/kad_image_de.html,Schweizerisches Bundesarchiv (BAR): https://www.bar.admin.ch/dam/bar/de/dokumente/konzepte_und_weisungen/archivtaugliche_dateiformate.1.pdf.download.pdf/archivtaugliche_dateiformate.pdf,,,,,,,,,
,SQL (Structured Query Language),,kost-ceco: https://kost-ceco.ch/cms/kad_image_de.html,kost-ceco: https://kost-ceco.ch/cms/kad_image_de.html,,,,,,,,,
,MS Access 2010/2016,,Herder-Institut Marburg: https://zenodo.org/records/18389871,Herder-Institut Marburg: https://zenodo.org/records/18389871,,.accdb,,,,,,,
,"Export und externe Speicherung der Datenbankinhalte empfohlen, z. B. als XML, CSV, JSON mit Entitäten-Relationen-Diagramm (ERD)",,Herder-Institut Marburg: https://zenodo.org/records/18389871,Herder-Institut Marburg: https://zenodo.org/records/18389872,,,,,,,,,
Geoinformationssysteme (GIS),Vektordaten: Environmental Systems Research Institute ESRI Shapefile,,Herder-Institut Marburg: https://zenodo.org/records/18389871,Herder-Institut Marburg: https://zenodo.org/records/18389873,,,,,,,,,
,Vektordaten als ESRI ArcGIS/ARCView ShapeFile,,Herder-Institut Marburg: https://zenodo.org/records/18389872,Herder-Institut Marburg: https://zenodo.org/records/18389872,,,,,,,,,
,OGC GeoPackage (OpenSource),,Herder-Institut Marburg: https://zenodo.org/records/18389873,Herder-Institut Marburg: https://zenodo.org/records/18389873,,,,,,,,,
,Rasterbilddaten als Geo-TIFF,,Herder-Institut Marburg: https://zenodo.org/records/18389874,Herder-Institut Marburg: https://zenodo.org/records/18389874,,,,,,,,,
,ESRI World-File (Rastergrafik),,Herder-Institut Marburg: https://zenodo.org/records/18389875,Herder-Institut Marburg: https://zenodo.org/records/18389875,,,,,,,,,
,kml (Keyhole Mark-Up Language),,Herder-Institut Marburg: https://zenodo.org/records/18389876,Herder-Institut Marburg: https://zenodo.org/records/18389876,,.kml,,,,,,,
,gml (Geography Markup Language ),,Herder-Institut Marburg: https://zenodo.org/records/18389877,Herder-Institut Marburg: https://zenodo.org/records/18389877,,.gml,,,,,,,
,INTERLIS 1,,kost-ceco: https://kost-ceco.ch/cms/kad_image_de.html,kost-ceco: https://kost-ceco.ch/cms/kad_image_de.html,,,,,,,,,
,Längen- und Breitenangaben (alternativ),,Herder-Institut Marburg: https://zenodo.org/records/18389877,Herder-Institut Marburg: https://zenodo.org/records/18389871,,,,,,,,,
,Rasterdaten: Open Geospatial Consortium GeoTIFF,,NFDI4Culture: https://docs.nfdi4culture.de/ta2-fair-handreichung/empfehlungen-dateiformate,National Archives (USGS): https://www.archives.gov/records-mgmt/policy/transfer-guidance-tables.html#geospatialformats,n/a,.tiff,,,,,,,
Webseiten,HTML5 (Hypertext Markup Language),,NFDI4Culture: https://docs.nfdi4culture.de/ta2-fair-handreichung/empfehlungen-dateiformate,kost-ceco: https://kost-ceco.ch/cms/kad_image_de.html,,.html,,,,,,,
,XHTML (Extensible Hypertext Markup Language),,"NFDI4Culture: https://docs.nfdi4culture.de/ta2-fair-handreichung/empfehlungen-dateiformate, lzv.nrw: https://www.lzv.nrw/dateiformate/?mtm_campaign=tafellaunch&mtm_medium=social ",NFDI4Cultue: https://docs.nfdi4culture.de/ta4-digital-preservation-basics/3-wie-kommen-materialien-in-ein-digitales-langzeitarchiv/3-4-identifizierung-erhaltenswerter-eigenschaften/dateiformate-fuer-die-langzeitarchivierung,,.xhtml,,,,,,,
,Resource Description Framework in Attributes (RDFa) für das Einbetten von RDF-Statements in HTML und XHTML,,NFDI4Culture: https://docs.nfdi4culture.de/ta2-fair-handreichung/empfehlungen-dateiformate,,n/a,.rdf,,,,,,,
Statistik,R (Sprache und Umgebung für statistische Berechnungen und Grafiken),,Herder-Institut Marburg: https://zenodo.org/records/18389871,Herder-Institut Marburg: https://zenodo.org/records/18389871,n/a,.hdf5^4,,,,,,,
Webarchiv,WARC-Format (Web Archive Format),,Herder-Institut Marburg: https://zenodo.org/records/18389872,kost-ceco: https://kost-ceco.ch/cms/kad_image_de.html,,.warc,,,,,,,
,HTML + CSS (Hyper Text Markup Language + Cascading Style Sheets),,Herder-Institut Marburg: https://zenodo.org/records/18389872,Herder-Institut Marburg (2023): https://drive.google.com/drive/folders/1xvJaDfa8_DSKHip0A884QhLpoJXAoyZC,,".htm(l), .css",,,,,,,
Bagit,Bagit (File Packaging Format),,Herder-Institut Marburg: https://zenodo.org/records/18389871,Herder-Institut Marburg: https://zenodo.org/records/18389871,,".tar, .tgz/.zip",,,,,,,
,ZIP-Format (PKZip),,Herder-Institut Marburg: https://zenodo.org/records/18389872,Herder-Institut Marburg: https://zenodo.org/records/18389872,,.zip,,,,,,,
,GZIP (GNU Zip),,Herder-Institut Marburg: https://zenodo.org/records/18389873,Herder-Institut Marburg: https://zenodo.org/records/18389873,,.gz,,,,,,,
,TAR (abgeleitet von „tape archive“),,Herder-Institut Marburg: https://zenodo.org/records/18389874,Herder-Institut Marburg: https://zenodo.org/records/18389874,,.tar,,,,,,,
Rohdaten und Workspace,"ASCII Text ist langfristig nutzbar, die spätere maschinelle Lesbarkeit ist jedoch unter Umständen aufwendig.",ETH Zürich (2025): Bedingt geeignet,ETH Zürich: https://unlimited.ethz.ch/spaces/DD/pages/194127898/Archivtaugliche+Dateiformate,ETH Zürich: https://unlimited.ethz.ch/spaces/DD/pages/194127898/Archivtaugliche+Dateiformate,,,,,,,,,
,S-Plus (*.sdd) am ehesten als Text-Dateien speichern.,ETH Zürich (2025): Bedingt geeignet,ETH Zürich: https://unlimited.ethz.ch/spaces/DD/pages/194127898/Archivtaugliche+Dateiformate,ETH Zürich: https://unlimited.ethz.ch/spaces/DD/pages/194127898/Archivtaugliche+Dateiformate,,.sdd,,,,,,,
,"Matlab *.mat am ehesten in HDF5 Format speichern. Nichttriviale Matlab *.mat ASCII Files vermeiden, denn sie können mit load nicht gelesen werden.",ETH Zürich (2025): Bedingt geeignet,ETH Zürich: https://unlimited.ethz.ch/spaces/DD/pages/194127898/Archivtaugliche+Dateiformate,ETH Zürich: https://unlimited.ethz.ch/spaces/DD/pages/194127898/Archivtaugliche+Dateiformate,,.mat,,,,,,,
," *.nc, *.cdf (Network Common Data Format oder NetCDF)",ETH Zürich (2025): Bedingt geeignet,ETH Zürich: https://unlimited.ethz.ch/spaces/DD/pages/194127898/Archivtaugliche+Dateiformate,ETH Zürich: https://unlimited.ethz.ch/spaces/DD/pages/194127898/Archivtaugliche+Dateiformate,,".nc, .cdf",,,,,,,
,"HDF5 Hierarchical Data Format  (*.h5, *.hdf5, *.he5)",ETH Zürich (2025): Bedingt geeignet,ETH Zürich: https://unlimited.ethz.ch/spaces/DD/pages/194127898/Archivtaugliche+Dateiformate,ETH Zürich: https://unlimited.ethz.ch/spaces/DD/pages/194127898/Archivtaugliche+Dateiformate,,".h5, .hdf5, .he5",,,,,,,
,"Binäre Dateien wie veraltete Matlab Dateien *.mat (binär), R Dateien *.RData",ETH Zürich (2025): Nicht geeignet,ETH Zürich: https://unlimited.ethz.ch/spaces/DD/pages/194127898/Archivtaugliche+Dateiformate,ETH Zürich: https://unlimited.ethz.ch/spaces/DD/pages/194127898/Archivtaugliche+Dateiformate,,".mat, .RData",,,,,,,
Bibilographische Daten (Zitationsformate),allegro,,Verbundzentrale des GBV: https://format.gbv.de/application/bibliographic,Verbundzentrale des GBV: https://format.gbv.de/application/bibliographic,,,,,,,,,
,CSL-JSON,,,Verbundzentrale des GBV: https://format.gbv.de/application/bibliographic,,,,,,,,,
,BibJSON,,Verbundzentrale des GBV: https://format.gbv.de/application/bibliographic,Verbundzentrale des GBV: https://format.gbv.de/application/bibliographic,,,,,,,,,
,BibTeX,,Verbundzentrale des GBV: https://format.gbv.de/application/bibliographic,Verbundzentrale des GBV: https://format.gbv.de/application/bibliographic,,,,,,,,,
,CFF (Citation File Format),,Verbundzentrale des GBV: https://format.gbv.de/application/bibliographic,Verbundzentrale des GBV: https://format.gbv.de/application/bibliographic,,,,,,,,,
Metadatenformate,Allgemeines Metadatenprofil für Bildungsressourcen (AMB),,,Verbundzentrale des GBV: https://format.gbv.de/application/bibliographic,,,,,,,,,
,Codex Metadata Model (Codex),,Verbundzentrale des GBV: https://format.gbv.de/application/bibliographic,Verbundzentrale des GBV: https://format.gbv.de/application/bibliographic,,,,,,,,,
,Common European Research Information Format (CERIF),,Verbundzentrale des GBV: https://format.gbv.de/application/bibliographic,Verbundzentrale des GBV: https://format.gbv.de/application/bibliographic,,,,,,,,,
,Cataloging Cultural Objects: A Guide to Describing Cultural Works and Their Images (CCO),,,Verbundzentrale des GBV: https://format.gbv.de/application/bibliographic,,,,,,,,,
,Categories for the Description of Works of Art (CDWA),,Verbundzentrale des GBV: https://format.gbv.de/application/bibliographic,Verbundzentrale des GBV: https://format.gbv.de/application/bibliographic,,,,,,,,,
,CodeMeta,,Verbundzentrale des GBV: https://format.gbv.de/application/bibliographic,Verbundzentrale des GBV: https://format.gbv.de/application/bibliographic,,,,,,,,,
,Culture Graph Interchange Format (CGIF),,Verbundzentrale des GBV: https://format.gbv.de/application/bibliographic,Verbundzentrale des GBV: https://format.gbv.de/application/bibliographic,,,,,,,,,
,Data Package,,Verbundzentrale des GBV: https://format.gbv.de/application/bibliographic,Verbundzentrale des GBV: https://format.gbv.de/application/bibliographic,,,,,,,,,
,Data Resoure,,Verbundzentrale des GBV: https://format.gbv.de/application/bibliographic,Verbundzentrale des GBV: https://format.gbv.de/application/bibliographic,,,,,,,,,
,DataCite,,Verbundzentrale des GBV: https://format.gbv.de/application/bibliographic,Verbundzentrale des GBV: https://format.gbv.de/application/bibliographic,,,,,,,,,
,DNB Casual (dnbterms),,Verbundzentrale des GBV: https://format.gbv.de/application/bibliographic,Verbundzentrale des GBV: https://format.gbv.de/application/bibliographic,,,,,,,,,
,Document Availability Information API (DAIA),,Verbundzentrale des GBV: https://format.gbv.de/application/bibliographic,Verbundzentrale des GBV: https://format.gbv.de/application/bibliographic,,,,,,,,,
,EN 15907,,Verbundzentrale des GBV: https://format.gbv.de/application/bibliographic,Verbundzentrale des GBV: https://format.gbv.de/application/bibliographic,,,,,,,,,
,Encoded Archival Description (EAD),,Verbundzentrale des GBV: https://format.gbv.de/application/bibliographic,Verbundzentrale des GBV: https://format.gbv.de/application/bibliographic,,,,,,,,,
,Endnote Tagged Format (ENW),,Verbundzentrale des GBV: https://format.gbv.de/application/bibliographic,Verbundzentrale des GBV: https://format.gbv.de/application/bibliographic,,,,,,,,,
,Europeana Data Model (EDM),,Verbundzentrale des GBV: https://format.gbv.de/application/bibliographic,Verbundzentrale des GBV: https://format.gbv.de/application/bibliographic,,,,,,,,,
,Exchangeable Image File Format (Exif),,Verbundzentrale des GBV: https://format.gbv.de/application/bibliographic,Verbundzentrale des GBV: https://format.gbv.de/application/bibliographic,,,,,,,,,
,Extensible Metadata Platform (XMP),,Verbundzentrale des GBV: https://format.gbv.de/application/bibliographic,Verbundzentrale des GBV: https://format.gbv.de/application/bibliographic,,,,,,,,,
,Functional Requirements for Bibliographic Records (FRBR),,Verbundzentrale des GBV: https://format.gbv.de/application/bibliographic,Verbundzentrale des GBV: https://format.gbv.de/application/bibliographic,,,,,,,,,
,Hayagriva YAML File Format (Hayagriva),,Verbundzentrale des GBV: https://format.gbv.de/application/bibliographic,Verbundzentrale des GBV: https://format.gbv.de/application/bibliographic,,,,,,,,,
,International Standard Bibliographic Description (ISBD),,Verbundzentrale des GBV: https://format.gbv.de/application/bibliographic,Verbundzentrale des GBV: https://format.gbv.de/application/bibliographic,,,,,,,,,
,Journal Article Tag Suite (JATS),,Verbundzentrale des GBV: https://format.gbv.de/application/bibliographic,Verbundzentrale des GBV: https://format.gbv.de/application/bibliographic,,,,,,,,,
,Kerndatensatz Forschung (KDSF),,Verbundzentrale des GBV: https://format.gbv.de/application/bibliographic,Verbundzentrale des GBV: https://format.gbv.de/application/bibliographic,,,,,,,,,
,Knowledge Base And Related Tools (KBART),,Verbundzentrale des GBV: https://format.gbv.de/application/bibliographic,Verbundzentrale des GBV: https://format.gbv.de/application/bibliographic,,,,,,,,,
,Langzeitarchivierungsmetadaten für elektronische Ressourcen (LMER),,Verbundzentrale des GBV: https://format.gbv.de/application/bibliographic,Verbundzentrale des GBV: https://format.gbv.de/application/bibliographic,,,,,,,,,
,Learning Objects Metadata (LOM),,Verbundzentrale des GBV: https://format.gbv.de/application/bibliographic,Verbundzentrale des GBV: https://format.gbv.de/application/bibliographic,,,,,,,,,
,Lightweight Information Describing Objects (LIDO),,Verbundzentrale des GBV: https://format.gbv.de/application/bibliographic,Verbundzentrale des GBV: https://format.gbv.de/application/bibliographic,,,,,,,,,
,DDB-LIDO,,Verbundzentrale des GBV: https://format.gbv.de/application/bibliographic,Verbundzentrale des GBV: https://format.gbv.de/application/bibliographic,,,,,,,,,
,Gemeinsamer Feldkatalog Graphischer Sammlungen,,Verbundzentrale des GBV: https://format.gbv.de/application/bibliographic,Verbundzentrale des GBV: https://format.gbv.de/application/bibliographic,,,,,,,,,
,KENOM-LIDO,,Verbundzentrale des GBV: https://format.gbv.de/application/bibliographic,Verbundzentrale des GBV: https://format.gbv.de/application/bibliographic,,,,,,,,,
,kuniweb-LIDO,,Verbundzentrale des GBV: https://format.gbv.de/application/bibliographic,Verbundzentrale des GBV: https://format.gbv.de/application/bibliographic,,,,,,,,,
,MARC,,Verbundzentrale des GBV: https://format.gbv.de/application/bibliographic,Verbundzentrale des GBV: https://format.gbv.de/application/bibliographic,,,,,,,,,
,CBS MARC 21 Format,,Verbundzentrale des GBV: https://format.gbv.de/application/bibliographic,Verbundzentrale des GBV: https://format.gbv.de/application/bibliographic,,,,,,,,,
,JAPAN/MARC Format für bibliographische Daten,,Verbundzentrale des GBV: https://format.gbv.de/application/bibliographic,Verbundzentrale des GBV: https://format.gbv.de/application/bibliographic,,,,,,,,,
,MARC 21 Format für bibliographische Daten,,Verbundzentrale des GBV: https://format.gbv.de/application/bibliographic,Verbundzentrale des GBV: https://format.gbv.de/application/bibliographic,,,,,,,,,
,MARC 21 Format für Lokaldaten,,Verbundzentrale des GBV: https://format.gbv.de/application/bibliographic,Verbundzentrale des GBV: https://format.gbv.de/application/bibliographic,,,,,,,,,
,MARC 21 LITE Bibliographic Format,,Verbundzentrale des GBV: https://format.gbv.de/application/bibliographic,Verbundzentrale des GBV: https://format.gbv.de/application/bibliographic,,,,,,,,,
,UNIMARC Format für bibliographische Daten,,Verbundzentrale des GBV: https://format.gbv.de/application/bibliographic,Verbundzentrale des GBV: https://format.gbv.de/application/bibliographic,,,,,,,,,
,UNIMARC Format für Lokaldaten,,Verbundzentrale des GBV: https://format.gbv.de/application/bibliographic,Verbundzentrale des GBV: https://format.gbv.de/application/bibliographic,,,,,,,,,
,Maschinelles Austauschformat für Bibliotheken (MAB),,Verbundzentrale des GBV: https://format.gbv.de/application/bibliographic,Verbundzentrale des GBV: https://format.gbv.de/application/bibliographic,,,,,,,,,
,Metadata Encoding & Transmission Standard (METS),,Verbundzentrale des GBV: https://format.gbv.de/application/bibliographic,Verbundzentrale des GBV: https://format.gbv.de/application/bibliographic,,,,,,,,,
,Metadata Object Description Schema (MODS),,Verbundzentrale des GBV: https://format.gbv.de/application/bibliographic,Verbundzentrale des GBV: https://format.gbv.de/application/bibliographic,,,,,,,,,
,museumdat,,Verbundzentrale des GBV: https://format.gbv.de/application/bibliographic,Verbundzentrale des GBV: https://format.gbv.de/application/bibliographic,,,,,,,,,
,ONline Information eXchange (ONIX),,Verbundzentrale des GBV: https://format.gbv.de/application/bibliographic,Verbundzentrale des GBV: https://format.gbv.de/application/bibliographic,,,,,,,,,
,PICA-Format (PICA),,Verbundzentrale des GBV: https://format.gbv.de/application/bibliographic,Verbundzentrale des GBV: https://format.gbv.de/application/bibliographic,,,,,,,,,
,CBS MARC 21 PICA+ format,,Verbundzentrale des GBV: https://format.gbv.de/application/bibliographic,Verbundzentrale des GBV: https://format.gbv.de/application/bibliographic,,,,,,,,,
,K10plus Format,,Verbundzentrale des GBV: https://format.gbv.de/application/bibliographic,Verbundzentrale des GBV: https://format.gbv.de/application/bibliographic,,,,,,,,,
,ZDB-Format,,Verbundzentrale des GBV: https://format.gbv.de/application/bibliographic,Verbundzentrale des GBV: https://format.gbv.de/application/bibliographic,,,,,,,,,
,Research Information System Format (RIS),,Verbundzentrale des GBV: https://format.gbv.de/application/bibliographic,Verbundzentrale des GBV: https://format.gbv.de/application/bibliographic,,,,,,,,,
,Schemas und Schemasprachen (Schemas),,Verbundzentrale des GBV: https://format.gbv.de/application/bibliographic,Verbundzentrale des GBV: https://format.gbv.de/application/bibliographic,,,,,,,,,
,Metadata Vocabulary for Tabular Data,,Verbundzentrale des GBV: https://format.gbv.de/application/bibliographic,Verbundzentrale des GBV: https://format.gbv.de/application/bibliographic,,,,,,,,,
,Spectrum,,Verbundzentrale des GBV: https://format.gbv.de/application/bibliographic,Verbundzentrale des GBV: https://format.gbv.de/application/bibliographic,,,,,,,,,
,VZG Articleformat,,Verbundzentrale des GBV: https://format.gbv.de/application/bibliographic,Verbundzentrale des GBV: https://format.gbv.de/application/bibliographic,,,,,,,,,